Commercial projects,
Residential projects,
Commercial project,
Residential project,
Baani properties,
Baani property,
Real estate agents,
Cheap Property,
Property for sale,
Real estate developers,
Property dealers,
Baani center point,
Gurgaon properties,
Gurgaon property,
Gurgaon property dealers,
Gurgaon real estate agents,
Noida properties,
Noida property,
Noida property dealers,
Noida real estate agents,
Cheap sex,
Free sex,
Oral sex,
Retail shops,
New apartments,
Gurgaon Apratments,
Noida Apartments,
Residential Developments,
Residential Apartements,
Market research report,
Retail shop,
Studio apartments,
Noida homes,
Call Girl,
Microtek Greenburg,
Eldeco Mansionz,
Raheja Aranya City,
Era skyville,
luxurious amenities,
Femail Escorts,
Hostel Escort,
Escort Services,
M3M Woodshire,
Expressway Gurgaon,
M3M Woodshire Sector 107 Dwarka,
Vatika Express City,
Residential Hub,
Edifice Resale Noida,
Multitech Towers Mohali,
Paras Panorama
